id,Sample Code,soilSource,soilRange,soilSite,seedRange,combo,patchType,seedSite,Sample Name,feature count,shannon_r1000,shannon
16S_10,M127,PSF Experiment Root Wash,Invaded,LEB,Native,invSoil_natSeed,nonYST,SAZ,733 SAZ LEB,7765,5.483516578,5.484600232
16S_100,M182,PSF Experiment Root Wash,Invaded,LEB,Native,invSoil_natSeed,nonYST,SAZ,417 SAZ LEB,47615,7.253566689,7.340317845
16S_101,M183,PSF Experiment Root Wash,Invaded,GIL,Invaded,invSoil_invSeed,nonYST,TRI,449 TRI GIL,34007,6.949388211,7.008078285
16S_102,M185,PSF Experiment Root Wash,Invaded,GIL,Invaded,invSoil_invSeed,nonYST,RB,403 RB GIL,23743,6.608921695,6.606757232
16S_103,M188,PSF Experiment Root Wash,Invaded,TRI,Invaded,invSoil_invSeed,nonYST,RB,1 RB TRI,10321,5.223629062,5.185272975
16S_104,M134,PSF Experiment Root Wash,Control,Control,Invaded,conSoil_invSeed,nonYST,TRI,806 TRI Control,13939,6.191110697,6.267013677
16S_105,M158,PSF Experiment Root Wash,Control,Control,Invaded,conSoil_invSeed,nonYST,GIL,445 GIL CONTROL,18252,6.357919014,6.399650499
16S_11,M43,PSF Experiment Root Wash,Invaded,GIL,Invaded,invSoil_invSeed,nonYST,LEB,57 LEB GIL,16990,5.742654619,5.829198423
16S_117,M159,PSF Experiment Root Wash,Control,Control,Invaded,conSoil_invSeed,nonYST,TRI,564 TRI Control,18564,6.293447806,6.385455548
16S_12,M194,PSF Experiment Root Wash,Invaded,TRI,Invaded,invSoil_invSeed,nonYST,GIL,353 GIL TRI,3093,4.332742818,4.335038063
16S_121,M190,PSF Experiment Root Wash,Invaded,GIL,Native,invSoil_natSeed,nonYST,GRA,25 GRA GIL,14446,5.758502193,5.76604325
16S_122,M191,PSF Experiment Root Wash,Invaded,LEB,Invaded,invSoil_invSeed,nonYST,RB,379 RB LEB,20244,6.141001507,6.206555095
16S_123,M195,PSF Experiment Root Wash,Invaded,GIL,Invaded,invSoil_invSeed,nonYST,LEB,337 LEB GIL,21316,6.419078316,6.468782704
16S_124,M196,PSF Experiment Root Wash,Invaded,TRI,Invaded,invSoil_invSeed,nonYST,TRI,334 TRI TRI,16359,5.927123017,5.963689086
16S_125,M197,PSF Experiment Root Wash,Invaded,TRI,Native,invSoil_natSeed,nonYST,SAZ,415 SAZ TRI,31572,6.687854655,6.735983532
16S_126,M198,PSF Experiment Root Wash,Invaded,RB,Invaded,invSoil_invSeed,nonYST,RB,434 RB RB,23057,6.447560701,6.538083928
16S_127,M199,PSF Experiment Root Wash,Invaded,GIL,Native,invSoil_natSeed,nonYST,GRA,342 GRA GIL,17479,6.119404448,6.243790644
16S_128,M202,PSF Experiment Root Wash,Invaded,TRI,Invaded,invSoil_invSeed,nonYST,TRI,446 TRI TRI,25966,6.624354406,6.604553593
16S_129,M160,PSF Experiment Root Wash,Control,Control,Invaded,conSoil_invSeed,nonYST,LEB,352 LEB Control,22598,6.407828709,6.410438676
16S_134,M79,PSF Experiment Root Wash,Invaded,GIL,Native,invSoil_natSeed,nonYST,CAN,71 CAN GIL,35210,6.991991098,7.072250916
16S_135,M108,PSF Experiment Root Wash,Native,SAZ,Invaded,natSoil_invSeed,nonYST,RB,777 RB SAZ,15808,6.154001922,6.200525049
16S_136,M109,PSF Experiment Root Wash,Invaded,LEB,Native,invSoil_natSeed,nonYST,CAN,770 CAN LEB,18295,6.304202116,6.313324708
16S_137,MF140,PSF Experiment Root Wash,Native,SAZ,Native,natSoil_natSeed,nonYST,SAZ,69 SAZ SAZ,23710,6.470687899,6.497670553
16S_138,MF143,PSF Experiment Root Wash,Native,CAZ,Native,natSoil_natSeed,nonYST,SAZ,377 SAZ CAZ,15856,5.898035986,5.910688756
16S_139,MF172,PSF Experiment Root Wash,Native,SAZ,Native,natSoil_natSeed,nonYST,SAZ,578 SAZ SAZ,12495,5.785223901,5.781808291
16S_140,MF181,PSF Experiment Root Wash,Native,GRA,Native,natSoil_natSeed,nonYST,SAZ,76 SAZ GRA,13424,5.547119737,5.571018894
16S_141,M161,PSF Experiment Root Wash,Invaded,RB,Native,invSoil_natSeed,nonYST,GRA,383 GRA RB,17106,6.114941731,6.110176516
16S_144,M48,PSF Experiment Root Wash,Invaded,LEB,Invaded,invSoil_invSeed,nonYST,RB,273 RB LEB,25126,6.563125838,6.656773629
16S_145,M135,PSF Experiment Root Wash,Invaded,LEB,Invaded,invSoil_invSeed,nonYST,GIL,295 GIL LEB,23312,6.524780449,6.563081611
16S_146,M136,PSF Experiment Root Wash,Invaded,LEB,Native,invSoil_natSeed,nonYST,GRA,340 GRA LEB,26512,6.753465805,6.849222708
16S_147,M137,PSF Experiment Root Wash,Invaded,GIL,Invaded,invSoil_invSeed,nonYST,RB,778 RB GIL,15015,6.07220047,6.118677101
16S_148,M138,PSF Experiment Root Wash,Invaded,TRI,Native,invSoil_natSeed,nonYST,SAZ,586 SAZ TRI,24082,6.487496111,6.54578265
16S_149,M139,PSF Experiment Root Wash,Invaded,TRI,Invaded,invSoil_invSeed,nonYST,GIL,766 GIL TRI,20134,6.186520283,6.252123317
16S_150,M140,PSF Experiment Root Wash,Invaded,GIL,Invaded,invSoil_invSeed,nonYST,TRI,775 TRI GIL,44680,7.265600516,7.335754669
16S_151,M141,PSF Experiment Root Wash,Invaded,LEB,Invaded,invSoil_invSeed,nonYST,LEB,756 LEB LEB,24920,6.176729354,6.260309818
16S_152,M142,PSF Experiment Root Wash,Control,Control,Invaded,conSoil_invSeed,nonYST,RB,23 RB Control,16726,6.179926137,6.251636557
16S_153,M163,PSF Experiment Root Wash,Invaded,RB,Native,invSoil_natSeed,nonYST,SAZ,616 SAZ RB,16747,6.235271969,6.336597942
16S_156,M49,PSF Experiment Root Wash,Invaded,GIL,Invaded,invSoil_invSeed,nonYST,GIL,359 GIL GIL,11863,5.552264309,5.526422445
16S_158,M144,PSF Experiment Root Wash,Invaded,RB,Invaded,invSoil_invSeed,nonYST,GIL,14 GIL RB,8909,5.198080909,5.24191127
16S_159,M145,PSF Experiment Root Wash,Invaded,RB,Invaded,invSoil_invSeed,nonYST,GIL,742 GIL RB,25069,6.646201768,6.685935138
16S_160,M146,PSF Experiment Root Wash,Invaded,RB,Native,invSoil_natSeed,nonYST,SAZ,407 SAZ RB,11761,5.246632241,5.332119938
16S_161,M147,PSF Experiment Root Wash,Invaded,RB,Invaded,invSoil_invSeed,nonYST,TRI,49 TRI RB,34799,7.022225004,7.028595713
16S_162,M116,PSF Experiment Root Wash,Invaded,RB,Invaded,invSoil_invSeed,nonYST,LEB,572 LEB RB,24630,6.626596118,6.65254811
16S_163,M117,PSF Experiment Root Wash,Invaded,TRI,Invaded,invSoil_invSeed,nonYST,LEB,587 LEB TRI,25685,6.704953424,6.782974189
16S_164,M118,PSF Experiment Root Wash,Control,Control,Invaded,conSoil_invSeed,nonYST,RB,739 RB Control,27307,6.844919226,6.917781702
16S_165,M164,PSF Experiment Root Wash,Control,Control,Invaded,conSoil_invSeed,nonYST,LEB,72 LEB Control,23714,6.186133529,6.279994604
16S_167,M50,PSF Experiment Root Wash,Invaded,LEB,Native,invSoil_natSeed,nonYST,GRA,400 GRA LEB,16218,5.825266088,5.860666576
16S_168,M119,PSF Experiment Root Wash,Invaded,GIL,Native,invSoil_natSeed,nonYST,CAN,757 CAN GIL,12742,5.816941903,5.806507905
16S_169,M120,PSF Experiment Root Wash,Invaded,GIL,Invaded,invSoil_invSeed,nonYST,LEB,774 LEB GIL,373,,5.92952659
16S_170,M121,PSF Experiment Root Wash,Invaded,LEB,Invaded,invSoil_invSeed,nonYST,TRI,781 TRI LEB,13262,5.875206954,6.342121976
16S_173,M124,PSF Experiment Root Wash,Control,Control,Invaded,conSoil_invSeed,nonYST,LEB,780 LEB Control,25266,6.227051768,
16S_174,M125,PSF Experiment Root Wash,Invaded,TRI,Invaded,invSoil_invSeed,nonYST,TRI,744 TRI TRI,7203,4.659242417,4.669722285
16S_175,M126,PSF Experiment Root Wash,Native,GRA,Invaded,natSoil_invSeed,nonYST,RB,801 RB GRA,6666,5.355526701,5.421638952
16S_176,M166,PSF Experiment Root Wash,Control,Control,Invaded,conSoil_invSeed,nonYST,GIL,10 GIL Control,15485,6.067246963,6.124613552
16S_179,M53,PSF Experiment Root Wash,Invaded,LEB,Invaded,invSoil_invSeed,nonYST,LEB,299 LEB LEB,20486,6.551581451,6.605120776
16S_182,M150,PSF Experiment Root Wash,Control,Control,Invaded,conSoil_invSeed,nonYST,GIL,609 GIL Control,21635,6.295556141,6.36069706
16S_183,M152,PSF Experiment Root Wash,Invaded,TRI,Native,invSoil_natSeed,nonYST,GRA,276 GRA TRI,39771,7.060450362,7.137913175
16S_184,M153,PSF Experiment Root Wash,Invaded,GIL,Native,invSoil_natSeed,nonYST,SAZ,571 SAZ GIL,23123,6.371713516,6.453723954
16S_185,M154,PSF Experiment Root Wash,Invaded,LEB,Native,invSoil_natSeed,nonYST,SAZ,56 SAZ LEB,42803,7.149656039,7.221509481
16S_186,M155,PSF Experiment Root Wash,Control,Control,Invaded,conSoil_invSeed,nonYST,TRI,439 TRI Control,25570,6.294435583,6.292856788
16S_187,M156,PSF Experiment Root Wash,Control,Control,Invaded,conSoil_invSeed,nonYST,RB,549 RB Control,23905,6.326511764,6.417794949
16S_188,M168,PSF Experiment Root Wash,Invaded,RB,Invaded,invSoil_invSeed,nonYST,RB,325 RB RB,10754,5.632762185,5.630268082
16S_22,M128,PSF Experiment Root Wash,Native,CAN,Native,natSoil_natSeed,nonYST,SAZ,787 SAZ CAN,3202,3.941080746,3.908666354
16S_23,MF43,PSF Experiment Root Wash,Native,SAZ,Native,natSoil_natSeed,nonYST,SAZ,752 SAZ SAZ,3734,4.010406735,4.012119919
16S_24,M200,PSF Experiment Root Wash,Invaded,LEB,Invaded,invSoil_invSeed,nonYST,GIL,21 GIL LEB,6449,4.708843554,4.728523301
16S_34,M129,PSF Experiment Root Wash,Invaded,RB,Native,invSoil_natSeed,nonYST,CAN,759 CAN RB,25991,6.816462358,6.895300148
16S_35,MF44,PSF Experiment Root Wash,Native,SAZ,Native,natSoil_natSeed,nonYST,CAN,734 CAN SAZ,40,,
16S_36,M201,PSF Experiment Root Wash,Invaded,TRI,Native,invSoil_natSeed,nonYST,SAZ,358 SAZ TRI,141,,
16S_46,M130,PSF Experiment Root Wash,Invaded,RB,Invaded,invSoil_invSeed,nonYST,RB,800 RB RB,13507,6.12015463,6.131160956
16S_47,M170,PSF Experiment Root Wash,Invaded,TRI,Native,invSoil_natSeed,nonYST,CAN,70 CAN TRI,3112,3.41398429,3.398456602
16S_48,M81,PSF Experiment Root Wash,Invaded,RB,Invaded,invSoil_invSeed,nonYST,LEB,63 LEB RB,3271,3.922622713,3.957191142
16S_49,M61,PSF Experiment Root Wash,Invaded,RB,Invaded,invSoil_invSeed,nonYST,TRI,375 TRI RB,1878,2.55117864,
16S_50,M62,PSF Experiment Root Wash,Invaded,LEB,Invaded,invSoil_invSeed,nonYST,GIL,368 GIL LEB,9499,5.461594434,5.549511535
16S_51,M63,PSF Experiment Root Wash,Invaded,GIL,Invaded,invSoil_invSeed,nonYST,TRI,338 TRI GIL,8778,5.051124663,5.076108227
16S_52,M64,PSF Experiment Root Wash,Invaded,RB,Native,invSoil_natSeed,nonYST,GRA,346 GRA RB,11869,5.64866532,5.683835341
16S_53,M65,PSF Experiment Root Wash,Invaded,LEB,Invaded,invSoil_invSeed,nonYST,TRI,311 TRI LEB,5842,4.799548543,4.830829005
16S_54,M66,PSF Experiment Root Wash,Invaded,TRI,Native,invSoil_natSeed,nonYST,CAN,420 CAN TRI,1208,2.056387782,
16S_55,M67,PSF Experiment Root Wash,Invaded,LEB,Invaded,invSoil_invSeed,nonYST,TRI,389 TRI LEB,2470,3.84560648,
16S_56,M68,PSF Experiment Root Wash,Invaded,LEB,Native,invSoil_natSeed,nonYST,CAN,405 CAN LEB,21548,6.269995226,6.291918429
16S_58,M131,PSF Experiment Root Wash,Invaded,TRI,Native,invSoil_natSeed,nonYST,CAN,755 CAN TRI,23726,6.536731002,6.571901682
16S_59,M184,PSF Experiment Root Wash,Invaded,RB,Native,invSoil_natSeed,nonYST,CAN,425 CAN RB,41921,7.056978222,7.106759257
16S_60,M82,PSF Experiment Root Wash,Invaded,LEB,Invaded,invSoil_invSeed,nonYST,GIL,552 GIL LEB,6584,4.814976141,4.854170101
16S_70,M132,PSF Experiment Root Wash,Control,Control,Native,conSoil_natSeed,nonYST,CAN,799 CAN Control,20909,6.174327494,6.177749515
16S_71,M189,PSF Experiment Root Wash,Invaded,TRI,Invaded,invSoil_invSeed,nonYST,GIL,16 GIL TRI,3843,4.090115332,4.101123574
16S_72,M83,PSF Experiment Root Wash,Control,Control,Invaded,conSoil_invSeed,nonYST,GIL,360 GIL Control,4799,4.75607875,4.719606667
16S_8,M42,PSF Experiment Root Wash,Invaded,TRI,Native,invSoil_natSeed,nonYST,CAN,620 Can Tri,16011,6.076427732,6.159319042
16S_82,M133,PSF Experiment Root Wash,Invaded,TRI,Invaded,invSoil_invSeed,nonYST,RB,802 RB TRI,9012,5.346899483,5.388465713
16S_83,M192,PSF Experiment Root Wash,Invaded,LEB,Invaded,invSoil_invSeed,nonYST,LEB,440 LEB LEB,1508,3.043380128,
16S_84,M87,PSF Experiment Root Wash,Invaded,RB,Invaded,invSoil_invSeed,nonYST,TRI,617 TRI RB,1594,2.294281034,
16S_85,M69,PSF Experiment Root Wash,Invaded,GIL,Native,invSoil_natSeed,nonYST,CAN,416 CAN GIL,7892,4.88139567,4.928448991
16S_86,M70,PSF Experiment Root Wash,Invaded,LEB,Native,invSoil_natSeed,nonYST,SAZ,332 SAZ LEB,7264,5.342045548,5.400024342
16S_87,M71,PSF Experiment Root Wash,Invaded,TRI,Native,invSoil_natSeed,nonYST,GRA,409 GRA TRI,6075,5.017608063,5.084846176
16S_88,M72,PSF Experiment Root Wash,Invaded,TRI,Invaded,invSoil_invSeed,nonYST,LEB,351 LEB TRI,11276,5.277974605,5.33548417
16S_89,M73,PSF Experiment Root Wash,Invaded,RB,Native,invSoil_natSeed,nonYST,CAN,308 CAN RB,10575,5.292169876,5.23250344
16S_9,M56,PSF Experiment Root Wash,Invaded,TRI,Invaded,invSoil_invSeed,nonYST,RB,279 RB TRI,15182,5.61566971,5.669742807
16S_90,M75,PSF Experiment Root Wash,Invaded,TRI,Invaded,invSoil_invSeed,nonYST,LEB,782 LEB TRI,2659,3.841643861,3.818583506
16S_91,M76,PSF Experiment Root Wash,Invaded,RB,Native,invSoil_natSeed,nonYST,CAN,77 CAN RB,8678,4.847027439,4.824012267
16S_92,M77,PSF Experiment Root Wash,Invaded,LEB,Invaded,invSoil_invSeed,nonYST,RB,779 RB LEB,9185,5.360046396,5.367900902
16S_94,M186,PSF Experiment Root Wash,Invaded,GIL,Invaded,invSoil_invSeed,nonYST,GIL,5 GIL GIL,35035,6.905099995,7.011014194
16S_95,M193,PSF Experiment Root Wash,Invaded,GIL,Invaded,invSoil_invSeed,nonYST,LEB,402 LEB GIL,5557,4.662242427,4.686646727
16S_96,M88,PSF Experiment Root Wash,Invaded,TRI,Invaded,invSoil_invSeed,nonYST,LEB,387 LEB TRI,7852,4.951667684,4.985132784
16S_97,M176,PSF Experiment Root Wash,Control,Control,Invaded,conSoil_invSeed,nonYST,LEB,619 LEB Control,4189,4.447302837,4.483693357
16S_98,M178,PSF Experiment Root Wash,Invaded,RB,Invaded,invSoil_invSeed,nonYST,TRI,738 TRI RB,7307,5.183443058,5.188478785
16S_99,M179,PSF Experiment Root Wash,Invaded,RB,Native,invSoil_natSeed,nonYST,SAZ,323 SAZ RB,21698,6.537194716,6.615802825
con_wash_104,M104,PSF Experiment Root Wash,Control,Control,Invaded,conSoil_invSeed,nonYST,LEB,401 LEB Control,1892,3.323513953,
con_wash_105,M105,PSF Experiment Root Wash,Control,Control,Invaded,conSoil_invSeed,nonYST,RB,369 RB Control,22148,6.241905408,6.260786423
con_wash_58,M58,PSF Experiment Root Wash,Control,Control,Invaded,conSoil_invSeed,nonYST,TRI,303 TRI Control,19646,6.104505865,6.116584934
con_wash_60,M60,PSF Experiment Root Wash,Control,Control,Invaded,conSoil_invSeed,nonYST,GIL,735 GIL Control,717,,
con_wash_74,M74,PSF Experiment Root Wash,Control,Control,Native,conSoil_natSeed,nonYST,CAZ,74 CAZ Control,26459,6.469453088,6.522884721
con_wash_80,M80,PSF Experiment Root Wash,Control,Control,Invaded,conSoil_invSeed,nonYST,RB,348 RB Control ,22603,5.992825834,6.042575327
con_wash_89,M89,PSF Experiment Root Wash,Control,Control,Native,conSoil_natSeed,nonYST,SAZ,788 SAZ Control,33899,6.798483392,6.830611681
con_wash_F117,MF117,PSF Experiment Root Wash,Control,Control,Native,conSoil_natSeed,nonYST,GRA,46 GRA Control,16972,6.17004367,6.166737748
con_wash_F158,MF158,PSF Experiment Root Wash,Control,Control,Native,conSoil_natSeed,nonYST,CAZ,282 CAZ Control,0,,
con_wash_F171,MF171,PSF Experiment Root Wash,Control,Control,Native,conSoil_natSeed,nonYST,CAN,611 CAN Control,31370,6.504647298,6.542459568
con_wash_F58,MF58,PSF Experiment Root Wash,Control,Control,Native,conSoil_natSeed,nonYST,CAN,436 CAN Control,5105,4.762186463,4.808464697
con_wash_F68,MF68,PSF Experiment Root Wash,Control,Control,Native,conSoil_natSeed,nonYST,GRA,354 GRA Control,42959,6.620956251,6.704809029
con_wash_F69,MF69,PSF Experiment Root Wash,Control,Control,Native,conSoil_natSeed,nonYST,SAZ,414 SAZ Control,36831,6.742566168,6.890839177
con_wash_F79,MF79,PSF Experiment Root Wash,Control,Control,Native,conSoil_natSeed,nonYST,SAZ,320 SAZ Control,27971,6.218390242,6.240297815
con_wash_F89,MF89,PSF Experiment Root Wash,Control,Control,Native,conSoil_natSeed,nonYST,SAZ,78 SAZ Control,4408,4.18070077,4.253860746
con_wash_F94,MF94,PSF Experiment Root Wash,Control,Control,Native,conSoil_natSeed,nonYST,CAN,336 CAN Control,22209,6.059987357,6.10760305
inv_wash_100,M100,PSF Experiment Root Wash,Invaded,LEB,Native,invSoil_natSeed,nonYST,CAN,47 CAN LEB,17700,5.946648615,5.968133426
inv_wash_101,M101,PSF Experiment Root Wash,Invaded,GIL,Invaded,invSoil_invSeed,nonYST,GIL,792 GIL GIL,14353,5.514283051,5.55196691
inv_wash_102,M102,PSF Experiment Root Wash,Invaded,RB,Invaded,invSoil_invSeed,nonYST,LEB,443 LEB RB,14912,5.709792008,5.745697852
inv_wash_103,M103,PSF Experiment Root Wash,Invaded,GIL,Invaded,invSoil_invSeed,nonYST,GIL,591 GIL GIL,6641,4.464278659,4.474300585
inv_wash_106,M106,PSF Experiment Root Wash,Invaded,RB,Invaded,invSoil_invSeed,nonYST,LEB,297 LEB RB,16088,5.809128912,5.86370293
inv_wash_107,M107,PSF Experiment Root Wash,Invaded,RB,Native,invSoil_natSeed,nonYST,GRA,51 GRA RB,40688,6.794770046,6.881031678
inv_wash_110,M110,PSF Experiment Root Wash,Invaded,RB,Invaded,invSoil_invSeed,nonYST,LEB,765 LEB RB,4348,4.186208501,4.195431586
inv_wash_112,M112,PSF Experiment Root Wash,Invaded,LEB,Invaded,invSoil_invSeed,nonYST,TRI,547 TRI LEB,2826,2.267529932,2.282293867
inv_wash_114,M114,PSF Experiment Root Wash,Invaded,GIL,Invaded,invSoil_invSeed,nonYST,TRI,593 TRI GIL,8478,4.928293244,4.971510611
inv_wash_149,M149,PSF Experiment Root Wash,Invaded,TRI,Native,invSoil_natSeed,nonYST,CAN,277*** CAN TRI,49515,6.752850189,6.850597105
inv_wash_157,M157,PSF Experiment Root Wash,Invaded,LEB,Native,invSoil_natSeed,nonYST,CAN,329 CAN LEB,7484,4.947433104,4.970512187
inv_wash_169,M169,PSF Experiment Root Wash,Invaded,GIL,Invaded,invSoil_invSeed,nonYST,RB,34 RB GIL,33244,6.463990742,6.474573223
inv_wash_173,M173,PSF Experiment Root Wash,Invaded,GIL,Invaded,invSoil_invSeed,nonYST,RB,327 RB GIL,28040,6.605081404,6.621434593
inv_wash_175,M175,PSF Experiment Root Wash,Invaded,GIL,Native,invSoil_natSeed,nonYST,SAZ,30 SAZ GIL,22451,6.046513374,6.031644238
inv_wash_44,M44,PSF Experiment Root Wash,Invaded,LEB,Invaded,invSoil_invSeed,nonYST,RB,541 RB LEB,6211,4.278663342,4.389332616
inv_wash_45,M45,PSF Experiment Root Wash,Invaded,RB,Invaded,invSoil_invSeed,nonYST,RB,546 RB RB,6525,4.60427076,4.571104842
inv_wash_46,M46,PSF Experiment Root Wash,Invaded,LEB,Invaded,invSoil_invSeed,nonYST,LEB,45 LEB LEB,13104,5.362839167,5.415855801
inv_wash_47,M47,PSF Experiment Root Wash,Invaded,GIL,Invaded,invSoil_invSeed,nonYST,GIL,372 GIL GIL,35067,6.775059732,6.798271675
inv_wash_51,M51,PSF Experiment Root Wash,Invaded,GIL,Native,invSoil_natSeed,nonYST,CAN,275 CAN GIL,15387,5.681562146,5.752425895
inv_wash_52,M52,PSF Experiment Root Wash,Invaded,TRI,Native,invSoil_natSeed,nonYST,GRA,75 GRA TRI,5997,4.119263092,4.080363585
inv_wash_54,M54,PSF Experiment Root Wash,Invaded,TRI,Invaded,invSoil_invSeed,nonYST,RB,362 RB TRI,32722,6.687683274,6.732642922
inv_wash_57,M57,PSF Experiment Root Wash,Invaded,RB,Invaded,invSoil_invSeed,nonYST,GIL,365 GIL RB,1395,3.086791492,
inv_wash_86,M86,PSF Experiment Root Wash,Invaded,RB,Native,invSoil_natSeed,nonYST,CAN,613 CAN RB,3,,
inv_wash_90,M90,PSF Experiment Root Wash,Invaded,RB,Invaded,invSoil_invSeed,nonYST,TRI,292 TRI RB,39304,6.319899248,6.375501765
inv_wash_91,M91,PSF Experiment Root Wash,Invaded,RB,Invaded,invSoil_invSeed,nonYST,GIL,298 GIL RB,31422,6.646931751,6.700033371
inv_wash_92,M92,PSF Experiment Root Wash,Invaded,RB,Invaded,invSoil_invSeed,nonYST,RB,88 RB RB,5476,4.107389015,4.07064759
inv_wash_93,M93,PSF Experiment Root Wash,Invaded,GIL,Native,invSoil_natSeed,nonYST,CAN,570 CAN GIL,41281,6.736096811,6.815131818
inv_wash_94,M94,PSF Experiment Root Wash,Invaded,LEB,Native,invSoil_natSeed,nonYST,GRA,48 GRA LEB,9073,5.081591806,5.085571431
inv_wash_95,M95,PSF Experiment Root Wash,Invaded,LEB,Native,invSoil_natSeed,nonYST,CAN,629 CAN LEB,16475,6.081959711,6.029190031
inv_wash_96,M96,PSF Experiment Root Wash,Invaded,LEB,Invaded,invSoil_invSeed,nonYST,GIL,726 GIL LEB,34007,6.913011965,7.000508324
inv_wash_98,M98,PSF Experiment Root Wash,Invaded,GIL,Invaded,invSoil_invSeed,nonYST,LEB,612 LEB GIL,59801,7.18500139,7.348072132
inv_wash_99,M99,PSF Experiment Root Wash,Invaded,GIL,Invaded,invSoil_invSeed,nonYST,RB,598 RB GIL,10904,5.100953737,5.126375148
nat_wash_111,M111,PSF Experiment Root Wash,Native,SAZ,Invaded,natSoil_invSeed,nonYST,GIL,807 GIL SAZ,15572,5.753471967,5.780313865
nat_wash_59,M59,PSF Experiment Root Wash,Native,SAZ,Invaded,natSoil_invSeed,nonYST,TRI,798 TRI SAZ,12978,5.558430207,5.554239741
nat_wash_F100,MF100,PSF Experiment Root Wash,Native,GRA,Invaded,natSoil_invSeed,nonYST,GIL,380 GIL GRA,33321,6.446414332,6.52413676
nat_wash_F102,MF102,PSF Experiment Root Wash,Native,CAZ,Native,natSoil_natSeed,nonYST,GRA,367 GRA CAZ,5899,4.202761988,4.170011564
nat_wash_F103,MF103,PSF Experiment Root Wash,Native,CAN,Native,natSoil_natSeed,nonYST,SAZ,444 SAZ CAN,37768,6.722695497,6.734977601
nat_wash_F105,MF105,PSF Experiment Root Wash,Native,GRA,Invaded,natSoil_invSeed,nonYST,GIL,20 GIL GRA,36930,6.617265141,6.683889738
nat_wash_F106,MF106,PSF Experiment Root Wash,Native,GRA,Invaded,natSoil_invSeed,nonYST,TRI,343 TRI GRA,29376,6.693370016,6.78189923
nat_wash_F107,MF107,PSF Experiment Root Wash,Native,CAZ,Invaded,natSoil_invSeed,nonYST,TRI,349 TRI CAZ,32053,6.627023168,6.687480437
nat_wash_F108,MF108,PSF Experiment Root Wash,Native,CAN,Invaded,natSoil_invSeed,nonYST,RB,581 RB CAN,27164,6.215424447,6.30445343
nat_wash_F109,MF109,PSF Experiment Root Wash,Native,CAN,Invaded,natSoil_invSeed,nonYST,RB,27 RB CAN,4689,4.168656231,4.189642673
nat_wash_F111,MF111,PSF Experiment Root Wash,Native,CAN,Invaded,natSoil_invSeed,nonYST,TRI,4 TRI CAN,30592,6.851753519,6.862875771
nat_wash_F112,MF112,PSF Experiment Root Wash,Native,CAN,Invaded,natSoil_invSeed,nonYST,GIL,26 GIL CAN,14179,5.310718134,5.395772189
nat_wash_F113,MF113,PSF Experiment Root Wash,Native,CAN,Native,natSoil_natSeed,nonYST,CAN,11 CAN CAN,25773,6.432888389,6.474628148
nat_wash_F115,MF115,PSF Experiment Root Wash,Native,CAN,Invaded,natSoil_invSeed,nonYST,TRI,363 TRI CAN,22809,6.242756171,6.310599428
nat_wash_F116,MF116,PSF Experiment Root Wash,Native,SAZ,Invaded,natSoil_invSeed,nonYST,LEB,396 LEB SAZ,28675,6.445446496,6.538937561
nat_wash_F118,MF118,PSF Experiment Root Wash,Native,CAZ,Invaded,natSoil_invSeed,nonYST,LEB,9 LEB CAZ,13311,5.667758443,5.62674454
nat_wash_F119,MF119,PSF Experiment Root Wash,Native,CAZ,Native,natSoil_natSeed,nonYST,CAZ,18 CAZ CAZ,17843,5.983154978,6.020683366
nat_wash_F120,MF120,PSF Experiment Root Wash,Native,GRA,Native,natSoil_natSeed,nonYST,CAN,12 CAN GRA,16943,5.786282731,5.843416983
nat_wash_F121,MF121,PSF Experiment Root Wash,Native,SAZ,Invaded,natSoil_invSeed,nonYST,LEB,78 LEB SAZ,11352,4.767459543,4.899829658
nat_wash_F122,MF122,PSF Experiment Root Wash,Native,CAN,Invaded,natSoil_invSeed,nonYST,LEB,573 LEB CAN,13991,5.118802482,5.09826409
nat_wash_F123,MF123,PSF Experiment Root Wash,Native,SAZ,Invaded,natSoil_invSeed,nonYST,TRI,8 TRI SAZ,18263,5.439833561,5.41494792
nat_wash_F124,MF124,PSF Experiment Root Wash,Native,GRA,Native,natSoil_natSeed,nonYST,CAZ,19 CAZ GRA,12355,4.980984446,5.040543105
nat_wash_F126,MF126,PSF Experiment Root Wash,Native,GRA,Invaded,natSoil_invSeed,nonYST,RB,3 RB GRA,2249,2.096511464,
nat_wash_F127,MF127,PSF Experiment Root Wash,Native,CAN,Native,natSoil_natSeed,nonYST,GRA,22 GRA CAN ,40988,6.921766306,6.946390988
nat_wash_F128,MF128,PSF Experiment Root Wash,Native,GRA,Native,natSoil_natSeed,nonYST,SAZ,294 SAZ GRA,8717,5.186330976,5.210426962
nat_wash_F129,MF129,PSF Experiment Root Wash,Native,SAZ,Native,natSoil_natSeed,nonYST,SAZ,304 SAZ SAZ,12248,5.198282477,5.231850467
nat_wash_F131,MF131,PSF Experiment Root Wash,Native,CAN,Invaded,natSoil_invSeed,nonYST,RB,803 RB CAN,28078,6.411007012,6.451938642
nat_wash_F132,MF132,PSF Experiment Root Wash,Native,SAZ,Invaded,natSoil_invSeed,nonYST,LEB,784 LEB SAZ,11227,5.071915488,5.065612352
nat_wash_F133,MF133,PSF Experiment Root Wash,Native,CAZ,Invaded,natSoil_invSeed,nonYST,RB,300 RB CAZ,15342,6.152300472,6.160442892
nat_wash_F134,MF134,PSF Experiment Root Wash,Native,CAN,Invaded,natSoil_invSeed,nonYST,LEB,797 LEB CAN,34042,6.573603705,6.601197782
nat_wash_F136,MF136,PSF Experiment Root Wash,Native,CAZ,Native,natSoil_natSeed,nonYST,GRA,290 GRA CAZ,6590,4.453730301,4.484074477
nat_wash_F137,MF137,PSF Experiment Root Wash,Native,GRA,Invaded,natSoil_invSeed,nonYST,LEB,804 LEB GRA,3850,3.844780475,3.865903595
nat_wash_F138,MF138,PSF Experiment Root Wash,Native,CAN,Invaded,natSoil_invSeed,nonYST,GIL,772 GIL CAN,41978,6.500818286,6.585781495
nat_wash_F144,MF144,PSF Experiment Root Wash,Native,CAN,Invaded,natSoil_invSeed,nonYST,RB,305 RB CAN,928,,
nat_wash_F145,MF145,PSF Experiment Root Wash,Native,CAN,Invaded,natSoil_invSeed,nonYST,GIL,307 GIL CAN,57670,7.192581607,7.287351753
nat_wash_F146,MF146,PSF Experiment Root Wash,Native,CAZ,Invaded,natSoil_invSeed,nonYST,TRI,579 TRI CAZ,13930,5.585411083,5.630723762
nat_wash_F147,MF147,PSF Experiment Root Wash,Native,CAN,Invaded,natSoil_invSeed,nonYST,LEB,280 LEB CAN,16943,5.73072484,5.750979793
nat_wash_F148,MF148,PSF Experiment Root Wash,Native,SAZ,Native,natSoil_natSeed,nonYST,CAZ,281 CAZ SAZ,13,,
nat_wash_F149,MF149,PSF Experiment Root Wash,Native,GRA,Native,natSoil_natSeed,nonYST,CAN,373 CAN GRA,41012,6.622272447,6.686804099
nat_wash_F151,MF151,PSF Experiment Root Wash,Native,GRA,Invaded,natSoil_invSeed,nonYST,TRI,768 TRI GRA,1,,
nat_wash_F152,MF152,PSF Experiment Root Wash,Native,CAZ,Invaded,natSoil_invSeed,nonYST,GIL,60 GIL CAZ,12081,5.349883818,5.381550773
nat_wash_F153,MF153,PSF Experiment Root Wash,Native,CAZ,Invaded,natSoil_invSeed,nonYST,RB,62 RB CZ,18888,6.079160838,6.162793462
nat_wash_F154,MF154,PSF Experiment Root Wash,Native,CAZ,Invaded,natSoil_invSeed,nonYST,GIL,773 GIL CAZ,6529,4.777552216,4.841674386
nat_wash_F155,MF155,PSF Experiment Root Wash,Native,SAZ,Native,natSoil_natSeed,nonYST,CAN,565 CAN SAZ,7838,4.638543758,4.525906454
nat_wash_F156,MF156,PSF Experiment Root Wash,Native,CAN,Invaded,natSoil_invSeed,nonYST,TRI,291 TRI CAN,0,,
nat_wash_F157,MF157,PSF Experiment Root Wash,Native,SAZ,Invaded,natSoil_invSeed,nonYST,RB,289 RB SAZ,2214,1.633430142,
nat_wash_F159,MF159,PSF Experiment Root Wash,Native,CAN,Native,natSoil_natSeed,nonYST,CAN,441 CAN CAN,4314,3.808636624,3.824540202
nat_wash_F160,MF160,PSF Experiment Root Wash,Native,CAZ,Invaded,natSoil_invSeed,nonYST,TRI,370 TRI CAZ,9,,
nat_wash_F161,MF161,PSF Experiment Root Wash,Native,CAZ,Native,natSoil_natSeed,nonYST,CAN,310 CAN CAZ,12018,5.408573247,5.455160193
nat_wash_F162,MF162,PSF Experiment Root Wash,Native,CAZ,Invaded,natSoil_invSeed,nonYST,LEB,785 LEB CAZ,18179,5.787725698,5.781308186
nat_wash_F163,MF163,PSF Experiment Root Wash,Native,CAN,Native,natSoil_natSeed,nonYST,GRA,313 GRA CAN,7242,4.886669238,4.809777936
nat_wash_F164,MF164,PSF Experiment Root Wash,Native,CAN,Native,natSoil_natSeed,nonYST,CAN,567 CAN CAN,28730,6.410176739,6.478384927
nat_wash_F165,MF165,PSF Experiment Root Wash,Native,CAZ,Invaded,natSoil_invSeed,nonYST,TRI,81 TRI CAZ,9,,
nat_wash_F166,MF166,PSF Experiment Root Wash,Native,GRA,Invaded,natSoil_invSeed,nonYST,TRI,624 TRI GRA,14383,5.567303998,5.649850282
nat_wash_F167,MF167,PSF Experiment Root Wash,Native,SAZ,Native,natSoil_natSeed,nonYST,CAN,335 CAN SAZ,38817,6.919305324,7.039471137
nat_wash_F168,MF168,PSF Experiment Root Wash,Native,GRA,Invaded,natSoil_invSeed,nonYST,GIL,554 GIL GRA,20363,5.976465602,5.990741336
nat_wash_F169,MF169,PSF Experiment Root Wash,Native,SAZ,Invaded,natSoil_invSeed,nonYST,LEB,569 LEB SAZ,24131,6.240897726,6.316365137
nat_wash_F170,MF170,PSF Experiment Root Wash,Native,SAZ,Invaded,natSoil_invSeed,nonYST,TRI,606 TRI SAZ,0,,
nat_wash_F173,MF173,PSF Experiment Root Wash,Native,CAZ,Invaded,natSoil_invSeed,nonYST,GIL,551 GIL CAZ,28216,6.445282282,6.553711496
nat_wash_F174,MF174,PSF Experiment Root Wash,Native,CAZ,Invaded,natSoil_invSeed,nonYST,RB,605 RB CAZ,52524,7.038475163,7.276674847
nat_wash_F175,MF175,PSF Experiment Root Wash,Native,CAZ,Invaded,natSoil_invSeed,nonYST,LEB,576 LEB CAZ,39387,6.655354649,6.71955934
nat_wash_F176,MF176,PSF Experiment Root Wash,Native,CAN,Invaded,natSoil_invSeed,nonYST,GIL,594 GIL CAN,47989,6.912019752,7.01342302
nat_wash_F177,MF177,PSF Experiment Root Wash,Native,GRA,Native,natSoil_natSeed,nonYST,CAN,561 CAN GRA,39883,6.524760786,6.60819246
nat_wash_F178,MF178,PSF Experiment Root Wash,Native,SAZ,Invaded,natSoil_invSeed,nonYST,RB,610 RB SAZ,13,,
nat_wash_F179,MF179,PSF Experiment Root Wash,Native,CAN,Invaded,natSoil_invSeed,nonYST,TRI,556 TRI CAN,12331,5.105990034,5.167832261
nat_wash_F45,MF45,PSF Experiment Root Wash,Native,GRA,Invaded,natSoil_invSeed,nonYST,TRI,17 TRI GRA,25628,6.216502594,6.233979331
nat_wash_F46,MF46,PSF Experiment Root Wash,Native,GRA,Native,natSoil_natSeed,nonYST,CAN,344 CAN GRA,41599,6.97087654,7.040536997
nat_wash_F48,MF48,PSF Experiment Root Wash,Native,CAN,Native,natSoil_natSeed,nonYST,CAN,350 CAN CAN,47459,7.158913926,7.293187995
nat_wash_F49,MF49,PSF Experiment Root Wash,Native,CAN,Invaded,natSoil_invSeed,nonYST,TRI,740 TRI CAN ,8435,4.850239832,4.912895272
nat_wash_F50,MF50,PSF Experiment Root Wash,Native,GRA,Invaded,natSoil_invSeed,nonYST,LEB,596 LEB GRA,38705,6.919693926,6.975910616
nat_wash_F51,MF51,PSF Experiment Root Wash,Native,CAZ,Native,natSoil_natSeed,nonYST,CAN,727 CAN CAZ,44777,7.004921848,7.116914192
nat_wash_F52,MF52,PSF Experiment Root Wash,Native,CAZ,Invaded,natSoil_invSeed,nonYST,RB,751 RB CAZ,16159,5.610645007,5.646780208
nat_wash_F53,MF53,PSF Experiment Root Wash,Native,GRA,Native,natSoil_natSeed,nonYST,CAN,721 CAN GRA,10766,5.467990935,5.454509237
nat_wash_F54,MF54,PSF Experiment Root Wash,Native,CAN,Native,natSoil_natSeed,nonYST,GRA,411 GRA CAN,39101,6.880970344,6.892291515
nat_wash_F55,MF55,PSF Experiment Root Wash,Native,CAN,Native,natSoil_natSeed,nonYST,CAN,725 CAN CAN,29364,6.60346671,6.647789247
nat_wash_F56,MF56,PSF Experiment Root Wash,Native,SAZ,Invaded,natSoil_invSeed,nonYST,TRI,437 TRI SAZ,6624,4.428776684,4.451168498
nat_wash_F57,MF57,PSF Experiment Root Wash,Native,CAN,Invaded,natSoil_invSeed,nonYST,GIL,412 GIL CAN,30009,6.394307642,6.460990121
nat_wash_F59,MF59,PSF Experiment Root Wash,Native,SAZ,Invaded,natSoil_invSeed,nonYST,GIL,61 GIL SAZ,17218,5.747480344,5.765560347
nat_wash_F60,MF60,PSF Experiment Root Wash,Native,GRA,Invaded,natSoil_invSeed,nonYST,GIL,754 GIL GRA,15646,5.477604843,5.488482068
nat_wash_F61,MF61,PSF Experiment Root Wash,Native,SAZ,Invaded,natSoil_invSeed,nonYST,RB,419 RB SAZ,3333,3.691477311,3.768388347
nat_wash_F62,MF62,PSF Experiment Root Wash,Native,SAZ,Native,natSoil_natSeed,nonYST,GRA,398 GRA SAZ,34808,6.64068913,6.755751373
nat_wash_F63,MF63,PSF Experiment Root Wash,Native,GRA,Invaded,natSoil_invSeed,nonYST,RB,432 RB GRA,19684,6.054091923,6.050886542
nat_wash_F65,MF65,PSF Experiment Root Wash,Native,GRA,Native,natSoil_natSeed,nonYST,SAZ,413 SAZ GRA,5718,4.295098489,4.295962633
nat_wash_F66,MF66,PSF Experiment Root Wash,Native,SAZ,Native,natSoil_natSeed,nonYST,GRA,330 GRA SAZ,21427,6.026471999,6.04461774
nat_wash_F67,MF67,PSF Experiment Root Wash,Native,CAZ,Invaded,natSoil_invSeed,nonYST,LEB,427 LEB CAZ,40476,6.811942327,6.977635797
nat_wash_F70,MF70,PSF Experiment Root Wash,Native,SAZ,Invaded,natSoil_invSeed,nonYST,GIL,312 GIL Saz,22077,6.203146891,6.224844596
nat_wash_F71,MF71,PSF Experiment Root Wash,Native,CAN,Native,natSoil_natSeed,nonYST,CAZ,73 CAZ CAN,29679,6.606373247,6.60461001
nat_wash_F72,MF72,PSF Experiment Root Wash,Native,GRA,Native,natSoil_natSeed,nonYST,GRA,278 GRA GRA,22346,6.000729839,6.008963137
nat_wash_F73,MF73,PSF Experiment Root Wash,Native,CAZ,Native,natSoil_natSeed,nonYST,SAZ,333 !!!!!!!!!!!!!!,9719,4.397856464,4.406466629
nat_wash_F75,MF75,PSF Experiment Root Wash,Native,SAZ,Invaded,natSoil_invSeed,nonYST,LEB,315 LEB SAZ,29577,5.967410863,6.081502115
nat_wash_F76,MF76,PSF Experiment Root Wash,Native,CAZ,Native,natSoil_natSeed,nonYST,CAN,37 CAN CAZ ,26285,6.247561892,6.26566818
nat_wash_F77,MF77,PSF Experiment Root Wash,Native,GRA,Invaded,natSoil_invSeed,nonYST,LEB,317 LEB GRA,23981,5.944786136,6.044066064
nat_wash_F78,MF78,PSF Experiment Root Wash,Native,CAZ,Invaded,natSoil_invSeed,nonYST,GIL,318 GIL CAZ,31119,6.409418316,6.48952683
nat_wash_F80,MF80,PSF Experiment Root Wash,Native,GRA,Invaded,natSoil_invSeed,nonYST,RB,322 RB GRA,10379,4.898589809,4.940038524
nat_wash_F81,MF81,PSF Experiment Root Wash,Native,GRA,Invaded,natSoil_invSeed,nonYST,LEB,33 LEB GRA,19915,5.77960724,5.795654323
nat_wash_F82,MF82,PSF Experiment Root Wash,Native,SAZ,Native,natSoil_natSeed,nonYST,GRA,36 GRA SAZ ,28313,6.445533766,6.431120583
nat_wash_F84,MF84,PSF Experiment Root Wash,Native,GRA,Native,natSoil_natSeed,nonYST,GRA,35 GRA GRA,9522,4.3653673,4.364569239
nat_wash_F85,MF85,PSF Experiment Root Wash,Native,CAZ,Invaded,natSoil_invSeed,nonYST,LEB,326 LEB CAZ,25675,6.227792332,6.245684257
nat_wash_F86,MF86,PSF Experiment Root Wash,Native,CAZ,Invaded,natSoil_invSeed,nonYST,GIL,406 GIL CAZ,4560,4.212899322,4.208446126
nat_wash_F90,MF90,PSF Experiment Root Wash,Native,CAZ,Native,natSoil_natSeed,nonYST,GRA,55 GRA CAZ,16154,5.260900176,5.322459997
nat_wash_F93,MF93,PSF Experiment Root Wash,Native,CAN,Invaded,natSoil_invSeed,nonYST,RB,433 RB CAN,1882,2.401885921,
nat_wash_F95,MF95,PSF Experiment Root Wash,Native,SAZ,Native,natSoil_natSeed,nonYST,CAN,87 CAN SAZ,4366,4.530510877,4.545531596
nat_wash_F96,MF96,PSF Experiment Root Wash,Native,SAZ,Invaded,natSoil_invSeed,nonYST,GIL,366 GIL SAZ,6081,4.232054344,4.261586989
nat_wash_F97,MF97,PSF Experiment Root Wash,Native,GRA,Invaded,natSoil_invSeed,nonYST,LEB,364 LEB GRA,9621,5.065180025,5.049970718
nat_wash_F98,MF98,PSF Experiment Root Wash,Native,CAN,Invaded,natSoil_invSeed,nonYST,LEB,361 LEB CAN,7190,4.567684342,4.619188931
nat_wash_F99,MF99,PSF Experiment Root Wash,Native,GRA,Invaded,natSoil_invSeed,nonYST,TRI,418 TRI GRA ,43084,6.920700011,7.012866879